HydroUnit,CUR_RCG_M,FOR_RCG_M,SAV_RCG_M,DLTA_FOR_M,DLTA_SAV_M,DLTA_FOR_PRC,DLTA_SAV_PRC
1,7.00794451,7.249198488,6.360841788,0.241253978,-0.647102722,0.034425783,-0.092338448
2,7.350524223,7.457127688,6.82786185,0.106603465,-0.522662373,0.014502838,-0.071105456
3,7.838255182,7.834320663,6.852132359,-0.003934519,-0.986122824,-0.000501964,-0.125808972
4,8.091858233,8.174799955,7.66616611,0.082941721,-0.425692124,0.010250022,-0.052607462
5,7.268509969,7.287593141,6.329266998,0.019083172,-0.939242971,0.002625459,-0.129220841
6,7.630768274,7.687812574,6.764763729,0.0570443,-0.866004545,0.007475564,-0.113488513
7,7.427821788,7.58546142,6.722845441,0.157639632,-0.704976347,0.021222861,-0.09491024
8,8.241427856,8.358887081,7.470421639,0.117459225,-0.771006217,0.014252291,-0.093552505
9,7.993761595,8.255404589,7.222759768,0.261642994,-0.771001827,0.032730898,-0.096450441
10,8.567151216,8.567390164,7.56149284,0.000238949,-1.005658375,2.78913E-05,-0.117385389
11,7.219180559,7.197002007,6.452252911,-0.022178552,-0.766927648,-0.00307217,-0.106234723
12,9.487208699,9.661513497,9.116948835,0.174304798,-0.370259863,0.018372611,-0.039027271
13,11.10434206,11.36166128,10.92575418,0.257319219,-0.178587881,0.023172847,-0.016082707
14,7.291208427,7.257274339,6.372619106,-0.033934088,-0.918589321,-0.00465411,-0.125985881
15,6.710826391,7.011392179,6.388836842,0.300565788,-0.321989549,0.044788193,-0.047980611
16,9.269301358,9.455612137,8.978099349,0.186310779,-0.291202009,0.020099765,-0.031415745
17,6.500148658,6.52725852,5.845642624,0.027109862,-0.654506034,0.004170653,-0.100690933
18,7.928503378,8.090176296,7.422014011,0.161672918,-0.506489368,0.020391354,-0.06388209
19,6.654825465,6.872600974,5.969788214,0.21777551,-0.68503725,0.032724451,-0.102938425
20,6.626917597,6.807999504,6.283073752,0.181081907,-0.343843845,0.027325209,-0.051885939
21,6.947096464,7.138243267,6.020383742,0.191146802,-0.926712723,0.027514632,-0.133395689
22,7.368193507,7.700583865,6.548758458,0.332390358,-0.819435048,0.045111513,-0.111212477
23,8.204124288,8.357530339,7.370965793,0.153406051,-0.833158495,0.01869865,-0.101553617
24,8.701506422,8.748583191,7.6899841,0.04707677,-1.011522322,0.005410186,-0.116246805
25,7.680074696,7.824117787,6.971418785,0.144043092,-0.70865591,0.018755429,-0.092272008
26,8.495525944,8.504963421,7.630403453,0.009437477,-0.865122491,0.001110876,-0.101832717
27,8.68015597,8.766346147,7.70084931,0.086190177,-0.97930666,0.009929565,-0.112821321
28,9.081798796,9.186772113,8.59396002,0.104973316,-0.487838776,0.011558648,-0.053716096
29,9.510797207,9.496129477,8.644151152,-0.014667729,-0.866646055,-0.001542219,-0.091122336
30,7.710112344,7.773913494,6.948810651,0.06380115,-0.761301693,0.008274996,-0.098740674
31,9.041513109,9.279331402,8.373091578,0.237818293,-0.668421531,0.026302931,-0.073928061
32,8.685634171,8.740347438,7.832616308,0.054713267,-0.853017862,0.006299283,-0.098210199
33,8.460216774,8.546050469,7.540616907,0.085833695,-0.919599867,0.010145567,-0.108696963
34,9.286202176,9.427325889,8.336246928,0.141123713,-0.949955247,0.01519714,-0.102297498
35,8.59893722,8.655279575,7.744103926,0.056342355,-0.854833295,0.006552246,-0.099411505
36,8.659953978,8.612658311,8.11548395,-0.047295667,-0.544470028,-0.005461422,-0.062872162
37,7.874668951,7.983739524,6.982700689,0.109070573,-0.891968261,0.013850814,-0.113270573
38,8.444509628,8.690886747,7.570925182,0.246377119,-0.873584446,0.029176013,-0.103449991
39,8.713325671,8.871345296,7.973432723,0.158019625,-0.739892948,0.018135398,-0.084915103
40,8.588355357,8.767029586,7.688224963,0.178674229,-0.900130393,0.020804243,-0.104808238
41,7.917708714,8.837600398,7.789210209,0.919891684,-0.128498505,0.116181552,-0.016229254
42,10.26339992,10.41839675,9.859565127,0.154996825,-0.403834796,0.015101899,-0.039347078
43,9.061310341,9.195516537,8.12992992,0.134206195,-0.931380422,0.014810904,-0.102786505
44,11.00804315,11.03328132,10.59671079,0.025238166,-0.411332367,0.002292702,-0.037366529
45,7.739895535,7.933462153,6.810128568,0.193566618,-0.929766967,0.025008944,-0.120126552
46,7.819460219,8.094945842,6.970708844,0.275485624,-0.848751375,0.035230772,-0.108543474
47,9.213778814,9.542131609,8.656774906,0.328352796,-0.557003908,0.035637148,-0.060453362
48,8.179242588,8.425409877,7.338806334,0.246167289,-0.840436254,0.030096587,-0.102752333
49,7.651203082,7.724689516,6.860624757,0.073486434,-0.790578325,0.009604559,-0.103327322
50,7.818124543,8.093181066,7.420418728,0.275056523,-0.397705814,0.035181906,-0.050869721
51,6.722555323,6.930346144,5.993949306,0.207790821,-0.728606017,0.0309095,-0.108382301
52,8.870513028,9.062479791,7.940428816,0.191966763,-0.930084212,0.021640999,-0.104851231
53,8.999679991,9.128996519,8.169492794,0.129316528,-0.830187197,0.014369014,-0.092246302
54,7.203497925,7.317995502,6.253895264,0.114497577,-0.949602661,0.015894719,-0.131825215
55,7.736234967,7.880108466,7.023990309,0.143873498,-0.712244659,0.018597354,-0.092066058
56,8.082133907,8.228799678,7.255051738,0.146665771,-0.827082169,0.018146912,-0.102334628
57,7.212191472,7.2054876,6.104986749,-0.006703871,-1.107204723,-0.000929519,-0.153518487
58,8.582117759,8.642228838,7.625569831,0.060111079,-0.956547928,0.007004224,-0.111458262
59,8.800630627,9.096897303,7.878763289,0.296266676,-0.921867338,0.033664255,-0.104750145
60,8.496851737,8.769958343,7.992178945,0.273106607,-0.504672792,0.032142094,-0.059395269
61,6.665624081,7.096636372,6.308931083,0.431012292,-0.356692998,0.064661956,-0.053512318
62,7.867176557,8.019670047,6.880377858,0.152493491,-0.986798698,0.019383509,-0.125432382
63,7.360017231,7.523818262,6.323038393,0.163801031,-1.036978838,0.022255523,-0.140893534
64,9.366412994,9.581672737,8.563981198,0.215259742,-0.802431796,0.02298209,-0.085671195
65,9.215127639,9.263141487,8.179937843,0.048013848,-1.035189796,0.005210329,-0.112335915
66,8.096064381,8.530302633,7.428680185,0.434238252,-0.667384196,0.053635721,-0.082433163
67,9.076314675,9.128173176,8.032972736,0.051858501,-1.043341938,0.005713608,-0.114952156
68,8.714783575,8.958982854,7.959771974,0.244199279,-0.755011602,0.028021267,-0.086635726
69,7.743109771,7.763339702,7.596809719,0.020229931,-0.146300052,0.002612636,-0.018894224
70,7.897017991,8.169351968,7.04501646,0.272333976,-0.852001532,0.034485673,-0.10788902
71,7.984566611,8.07330876,7.014814209,0.088742148,-0.969752402,0.01111421,-0.121453355
72,7.839158206,8.059567701,6.922204653,0.220409495,-0.916953553,0.028116475,-0.116970921
73,8.635448929,8.761438267,7.644082119,0.125989338,-0.991366809,0.014589784,-0.114802
74,8.106354584,8.457939153,7.275262067,0.351584568,-0.831092517,0.043371477,-0.102523583
75,8.88924468,8.968924483,7.916952234,0.079679803,-0.972292446,0.008963619,-0.109378522
76,8.390629451,8.621601246,7.671929929,0.230971795,-0.718699522,0.02752735,-0.085655019
77,8.646832904,8.800405817,7.551025925,0.153572913,-1.095806978,0.017760597,-0.126729288
78,8.371167759,8.487481682,7.426934593,0.116313923,-0.944233166,0.013894587,-0.112795872
79,8.277982254,8.350725505,7.306397917,0.072743251,-0.971584337,0.008787558,-0.117369705
80,9.075761908,9.173903619,8.028909826,0.098141711,-1.046852081,0.010813606,-0.115345917
81,8.186736911,8.417133179,7.134926348,0.230396268,-1.051810564,0.028142625,-0.128477387
82,8.506892682,8.640702621,7.753414981,0.13380994,-0.7534777,0.015729591,-0.088572611
83,7.456976122,7.652288085,6.611112699,0.195311963,-0.845863423,0.026191845,-0.113432497
84,8.032278847,8.300935571,7.187749275,0.268656724,-0.844529572,0.033447136,-0.105141964
85,8.432319924,8.604119311,7.495140391,0.171799387,-0.937179533,0.020373917,-0.111141363
86,7.94841491,8.157953482,7.159326929,0.209538572,-0.789087981,0.026362309,-0.099276144
87,8.270678573,8.631122865,7.595276777,0.360444292,-0.675401795,0.043580982,-0.081662198
88,7.963957582,8.196856087,7.043126486,0.232898505,-0.920831096,0.029244066,-0.115624812
89,8.337683999,8.533197176,7.464811812,0.195513177,-0.872872187,0.023449339,-0.104690006
90,7.458873534,7.680676915,6.616089481,0.221803381,-0.842784053,0.029736847,-0.112990795
91,8.963531532,9.126202824,7.985825177,0.162671292,-0.977706355,0.018148125,-0.109076021
92,7.961148573,8.136466719,6.948928047,0.175318146,-1.012220526,0.022021715,-0.127145037
93,8.641979312,8.790416135,7.586797864,0.148436824,-1.055181448,0.017176253,-0.122099511
94,7.902259894,8.23776703,7.13175875,0.335507136,-0.770501144,0.042457112,-0.097503898
95,8.686904615,8.866876389,7.773824046,0.179971773,-0.91308057,0.020717595,-0.105110003
96,9.717513383,9.874742286,8.862760716,0.157228903,-0.854752668,0.016179952,-0.08796002
97,8.862517687,9.193543221,8.048230337,0.331025534,-0.81428735,0.037351185,-0.091879913
98,9.058171215,9.264520941,8.509290371,0.206349727,-0.548880843,0.022780506,-0.060595106
99,8.741002458,8.902913632,7.925476678,0.161911174,-0.81552578,0.018523181,-0.093298885
100,7.755940825,7.916147102,6.857867538,0.160206277,-0.898073287,0.020655944,-0.115791663
101,8.561955577,8.689813144,7.605090255,0.127857567,-0.956865321,0.01493322,-0.1117578
102,7.15794579,7.442248913,6.33209069,0.284303123,-0.8258551,0.039718535,-0.115375992
103,9.503653428,9.511233987,8.311205609,0.007580559,-1.192447819,0.000797647,-0.12547257
104,7.781405678,8.140248136,7.000718335,0.358842458,-0.780687343,0.046115377,-0.10032729
105,8.681762916,8.96181278,8.124650046,0.280049864,-0.55711287,0.032257258,-0.064170477
106,8.304963921,8.620556751,7.69309565,0.31559283,-0.611868271,0.038000506,-0.073675006
107,7.347855532,7.522809716,6.720048632,0.174954184,-0.6278069,0.023810237,-0.085440833
108,8.307439184,8.549564399,7.380903702,0.242125214,-0.926535482,0.02914559,-0.111530817
109,8.534589806,8.658414424,7.599415976,0.123824617,-0.935173831,0.014508561,-0.109574549
110,8.706127083,8.875690699,7.801906647,0.169563616,-0.904220436,0.019476354,-0.103860239
111,8.737331669,8.900221639,7.83660459,0.16288997,-0.900727079,0.018642988,-0.103089492
112,8.300793302,8.583836692,7.533132513,0.28304339,-0.767660789,0.034098354,-0.092480413
113,8.378690851,8.786810677,7.645790271,0.408119826,-0.73290058,0.048709259,-0.087471968
114,7.98977637,8.152916282,7.130300406,0.163139911,-0.859475965,0.020418583,-0.107571968
115,8.472657339,8.812107784,7.839338667,0.339450445,-0.633318671,0.040064224,-0.074748529
116,7.136307989,7.321308816,6.314507835,0.185000827,-0.821800154,0.025923885,-0.115157607
117,7.906900527,7.920361216,6.605547741,0.013460689,-1.301352786,0.001702398,-0.164584439
118,7.976194566,8.040660609,6.91083832,0.064466043,-1.065356246,0.008082306,-0.133566983
119,7.639212682,7.941689814,6.840569026,0.302477132,-0.798643656,0.039595328,-0.104545284
120,6.759435312,7.026996695,5.973627911,0.267561383,-0.785807401,0.039583393,-0.116253409
121,6.346876194,6.719373989,5.756441096,0.372497795,-0.590435098,0.058689942,-0.093027669
122,7.71572079,7.99617825,6.84890623,0.28045746,-0.86681456,0.036348835,-0.112343951
123,8.362691537,8.46819681,8.186240007,0.105505272,-0.17645153,0.012616186,-0.021099849
124,7.73040423,7.98644487,6.895496056,0.25604064,-0.834908174,0.033121249,-0.108003171
125,7.972457473,8.309480602,7.25536379,0.337023129,-0.717093683,0.042273431,-0.089946379
126,7.647048551,7.753564351,6.781376692,0.1065158,-0.865671859,0.013929008,-0.113203395
127,8.68414627,8.793156331,7.739679775,0.109010062,-0.944466494,0.012552767,-0.108757553
128,7.94101955,8.133789909,6.964123211,0.19277036,-0.976896339,0.024275266,-0.123019007
129,9.16740719,9.167457342,8.047087975,5.01514E-05,-1.120319216,5.47062E-06,-0.122206769
130,9.223183439,9.377364152,8.503723719,0.154180713,-0.71945972,0.016716648,-0.078005574
131,7.783746024,7.995049626,7.012005465,0.211303602,-0.77174056,0.027146775,-0.099147706
132,8.258188668,8.395456374,7.647220562,0.137267706,-0.610968106,0.016622011,-0.073983307
133,8.564137327,8.653008621,7.635555809,0.088871294,-0.928581518,0.010377145,-0.108426743
134,8.944038762,9.030732315,8.075384434,0.086693553,-0.868654328,0.009692887,-0.097121038
135,7.701290351,7.928291958,6.923349376,0.227001607,-0.777940975,0.029475789,-0.101014368
136,7.589813678,7.680545216,6.428061031,0.090731538,-1.161752647,0.011954383,-0.153067347
137,7.405425851,7.544877009,6.466724591,0.139451158,-0.93870126,0.018830944,-0.126758579
138,8.779024804,8.821081264,8.320619074,0.04205646,-0.458405729,0.004790562,-0.052216019
139,7.273599809,7.551845986,6.568875148,0.278246177,-0.704724661,0.03825426,-0.096888017
140,8.03412698,8.258283327,7.165249487,0.224156347,-0.868877493,0.027900523,-0.10814834
141,8.410237972,8.447624912,7.169680068,0.03738694,-1.240557905,0.004445408,-0.147505684
142,6.818924858,7.077439787,6.070294377,0.258514929,-0.748630481,0.037911391,-0.109787173
143,7.846915898,8.062188367,7.149115585,0.215272469,-0.697800313,0.027434023,-0.088926697
144,8.157235442,8.337644458,7.297181388,0.180409016,-0.860054054,0.022116441,-0.105434502
145,8.166023792,8.196167277,7.274685607,0.030143485,-0.891338185,0.00369133,-0.109152044
146,8.180438698,8.400950465,7.515208121,0.220511767,-0.665230576,0.026955983,-0.08131967
147,7.74462926,7.975544842,6.907401928,0.230915582,-0.837227332,0.029816222,-0.108104249
148,6.945567351,7.353992631,6.212947035,0.40842528,-0.732620316,0.058803732,-0.105480269
149,6.378523443,6.562275714,5.525861536,0.183752271,-0.852661907,0.028807964,-0.133677005
150,7.546638609,7.669435528,7.005068028,0.122796918,-0.541570581,0.016271737,-0.071763153
151,7.420303372,7.62316438,6.536294656,0.202861008,-0.884008716,0.027338641,-0.11913377
152,8.221654629,8.407227687,7.414515756,0.185573058,-0.807138873,0.022571254,-0.098172316
153,8.500595213,8.670253963,7.673580154,0.16965875,-0.827015059,0.019958455,-0.097289077
154,7.18141775,7.574888319,6.417285457,0.393470569,-0.764132293,0.054790096,-0.1064041
155,9.019635506,9.22534953,8.569563355,0.205714024,-0.450072151,0.022807354,-0.049899151
156,8.386151261,8.566752791,7.491779733,0.180601529,-0.894371529,0.021535687,-0.106648628
157,7.80396968,8.062198869,7.024168936,0.258229188,-0.779800745,0.033089466,-0.0999236
158,9.095483596,9.34847459,8.74643244,0.252990994,-0.349051156,0.027815013,-0.038376316
159,8.474082144,8.653986551,7.582673135,0.179904407,-0.891409008,0.021229958,-0.105192396
160,7.956761665,8.251195474,7.292035685,0.294433809,-0.66472598,0.037004226,-0.083542276
161,8.179970328,8.421175631,7.483794897,0.241205303,-0.696175431,0.029487308,-0.08510733
162,8.185718283,8.38559695,7.325377282,0.199878667,-0.860341001,0.024417975,-0.105102689
163,8.906923603,8.988910311,7.986620188,0.081986708,-0.920303414,0.009204829,-0.103324498
164,8.30883869,8.619463228,7.5261618,0.310624537,-0.782676891,0.037384832,-0.094198109
165,8.030712183,8.163533991,7.234020737,0.132821808,-0.796691445,0.016539232,-0.099205578
166,7.435196103,7.670493175,6.620083899,0.235297073,-0.815112203,0.031646384,-0.109628878
167,7.521288662,7.922007597,6.775680895,0.400718935,-0.745607768,0.053277962,-0.099132981
168,8.168266583,8.324938828,7.165166166,0.156672245,-1.003100417,0.019180599,-0.122804564
169,8.925787807,8.882853784,8.341084018,-0.042934023,-0.584703789,-0.00481011,-0.065507247
170,8.703006761,8.969180135,8.023389072,0.266173373,-0.679617689,0.030584071,-0.078089987
171,7.91385958,8.09722749,7.071058637,0.18336791,-0.842800943,0.023170478,-0.106496828
172,7.956019549,8.20585306,7.103430062,0.249833512,-0.852589487,0.031401822,-0.10716282
173,7.510278789,7.695942904,6.678656826,0.185664115,-0.831621963,0.024721335,-0.110731171
174,8.428880108,8.702374691,7.817215918,0.273494582,-0.61166419,0.032447321,-0.07256767
175,7.712429737,7.994088378,6.900356116,0.28165864,-0.812073621,0.036520092,-0.105294135
176,7.779059882,8.127607499,6.981941681,0.348547617,-0.797118201,0.044805879,-0.102469735
177,8.561050649,8.872843418,7.807849215,0.311792769,-0.753201434,0.036419919,-0.087980023
178,6.94796082,7.176199643,6.295412301,0.228238823,-0.652548518,0.032849757,-0.09391943
179,7.795170216,8.001426359,7.020473166,0.206256143,-0.774697049,0.026459479,-0.099381672
180,8.34273984,8.548304788,7.403691292,0.205564948,-0.939048548,0.024639981,-0.112558772
181,8.488454041,8.822194317,7.660868955,0.333740276,-0.827585086,0.039316968,-0.097495384
182,8.699447267,8.847648188,7.649751601,0.148200921,-1.049695665,0.017035671,-0.12066234
183,8.503463791,8.597561365,7.480736026,0.094097574,-1.022727765,0.011065793,-0.120271902
184,7.594134553,7.865997115,6.769533353,0.271862562,-0.8246012,0.035799018,-0.10858396
185,7.635959475,7.904879474,6.92700059,0.268919999,-0.708958884,0.035217578,-0.092844768
186,8.141632292,8.451116642,7.334499707,0.30948435,-0.807132585,0.038012568,-0.099136458
187,7.881425749,8.168000039,7.245858867,0.286574291,-0.635566882,0.036360717,-0.080641105
188,9.887379078,9.874560505,9.545668505,-0.012818573,-0.341710573,-0.001296458,-0.034560278
189,7.671434395,8.025732744,6.837089363,0.354298349,-0.834345033,0.046184107,-0.108759978
190,8.746699847,8.765927265,8.10252608,0.019227418,-0.644173767,0.002198248,-0.073647636
191,8.433510059,8.776195735,7.750189737,0.342685675,-0.683320323,0.040633814,-0.081024427
192,8.45889366,8.718824821,7.706097203,0.259931161,-0.752796457,0.030728742,-0.088994671
193,8.665896461,8.893237892,7.814527619,0.227341431,-0.851368842,0.026234035,-0.098243597
194,7.964038944,8.210697025,7.242685828,0.246658081,-0.721353116,0.030971481,-0.090576292
195,9.24886246,9.172195904,8.4181198,-0.076666556,-0.83074266,-0.008289296,-0.089821063
196,7.234807434,7.575038229,6.627779007,0.340230795,-0.607028427,0.047026932,-0.083903882
197,8.644601517,8.847756502,7.844450666,0.203154985,-0.80015085,0.023500792,-0.092560756
198,7.429315855,7.724625657,6.699882419,0.295309802,-0.729433436,0.039749259,-0.098183124
199,9.350162541,9.361964102,8.959773174,0.011801561,-0.390389368,0.001262177,-0.041752148
200,8.352500777,8.660463681,7.670765262,0.307962904,-0.681735515,0.036870742,-0.081620527
201,8.134513043,8.462840039,7.386931773,0.328326995,-0.74758127,0.040362219,-0.0919024
202,8.047280826,8.30082329,7.326489915,0.253542464,-0.720790911,0.031506601,-0.089569499
203,8.865827262,9.021138454,7.90628395,0.155311192,-0.959543311,0.017517958,-0.108229417
204,8.277633891,8.555354913,7.470158088,0.277721022,-0.807475803,0.033550774,-0.097549108
205,8.459622127,8.626704579,7.929245937,0.167082451,-0.530376191,0.019750581,-0.062695021
206,8.43335968,8.710842106,7.66348907,0.277482427,-0.76987061,0.032902952,-0.09128872
207,7.336992055,7.387527017,6.75531973,0.050534962,-0.581672326,0.006887695,-0.0792794
208,8.520500915,8.575181955,7.643003299,0.05468104,-0.877497616,0.006417585,-0.102986623
209,8.300847987,8.600623413,7.695355004,0.299775425,-0.605492983,0.036113831,-0.072943509
210,8.535086061,8.831350751,7.76147828,0.29626469,-0.773607781,0.034711389,-0.090638545
211,7.700068315,7.983779615,6.979599874,0.2837113,-0.720468441,0.036845296,-0.0935665
212,8.835707359,9.014903885,8.253295187,0.179196526,-0.582412173,0.020280948,-0.065915738
213,8.270752639,8.318675583,7.221011694,0.047922944,-1.049740945,0.005794266,-0.126922058
214,8.195124404,8.467433381,7.48879488,0.272308977,-0.706329524,0.033228169,-0.086188994
215,8.324172576,8.666513497,7.679398603,0.342340921,-0.644773973,0.04112612,-0.077458026
216,8.047037131,8.364246747,7.25291715,0.317209616,-0.794119981,0.03941943,-0.098684767
217,6.875711755,7.259227396,6.152237046,0.383515641,-0.723474709,0.055778319,-0.105221791
218,8.155274363,8.372675176,7.634096916,0.217400813,-0.521177447,0.026657695,-0.063906795
219,8.77907994,8.831212855,7.778898576,0.052132915,-1.000181364,0.005938312,-0.113927811
220,7.566495826,7.818216127,6.876407707,0.251720301,-0.690088119,0.033267751,-0.091203132
221,8.455783437,8.819158548,7.854060076,0.363375111,-0.601723361,0.042973559,-0.07116116
222,7.17858034,7.42750863,6.505854054,0.24892829,-0.672726286,0.034676535,-0.093712998
223,8.150457383,8.46759577,7.340094854,0.317138387,-0.810362529,0.038910502,-0.099425405
224,8.646789241,8.789539948,7.770725133,0.142750707,-0.876064107,0.0165091,-0.101316695
225,8.144884488,8.480057065,7.414976189,0.335172576,-0.7299083,0.041151299,-0.08961555
226,8.369512978,8.583507667,7.55570339,0.213994689,-0.813809588,0.025568356,-0.097234999
227,9.048468161,9.312432261,8.451558678,0.263964099,-0.596909483,0.029172242,-0.065968015
228,11.20976981,11.19384608,10.69218109,-0.015923726,-0.517588712,-0.001420522,-0.046173001
229,9.536588108,9.586957354,8.458903225,0.050369246,-1.077684883,0.005281684,-0.113005288
230,8.044266106,8.302781396,7.369713113,0.25851529,-0.674552994,0.032136591,-0.083855132
231,7.373929142,7.497975292,7.019805172,0.12404615,-0.354123969,0.01682226,-0.048023782
232,7.708651991,7.903776009,6.985081811,0.195124018,-0.72357018,0.02531234,-0.093864684
233,8.335280547,8.550265672,7.429245892,0.214985125,-0.906034655,0.025792188,-0.108698759
234,7.276624685,7.329766163,6.504201396,0.053141478,-0.77242329,0.00730304,-0.106151316
235,7.977819469,8.307653144,7.457345226,0.329833675,-0.520474243,0.041343838,-0.065240163
236,9.126245561,9.257793487,8.492223173,0.131547925,-0.634022388,0.014414243,-0.069472423
237,8.594980251,8.865148527,8.049656279,0.270168276,-0.545323972,0.031433263,-0.063446798
238,9.724104422,9.760953122,8.869433014,0.0368487,-0.854671408,0.003789418,-0.087892043
239,8.044258716,8.358837615,7.434188653,0.314578899,-0.610070062,0.039106015,-0.07583919
240,7.807172965,8.159808503,6.992881884,0.352635539,-0.81429108,0.045168147,-0.104300377
241,8.931829252,9.006490054,8.043423081,0.074660802,-0.888406171,0.00835896,-0.099465199
242,8.511958951,8.913338601,7.787850239,0.40137965,-0.724108712,0.047154792,-0.085069573
243,8.472196056,8.661459691,7.761312918,0.189263635,-0.710883138,0.022339383,-0.083907777
244,9.705923266,9.792372923,9.128000386,0.086449657,-0.57792288,0.008906897,-0.059543319
245,8.692393039,8.645326254,7.664180897,-0.047066784,-1.028212141,-0.00541471,-0.118288731
246,8.493902691,8.890368864,8.021395188,0.396466173,-0.472507504,0.046676562,-0.055629022
247,8.929092985,9.071851232,8.137524463,0.142758247,-0.791568522,0.01598799,-0.088650496
248,9.382427123,9.519549014,8.932502544,0.137121891,-0.449924579,0.014614757,-0.047953965
249,8.205591157,8.530429645,7.450548972,0.324838489,-0.755042184,0.039587457,-0.092015574
250,7.556958401,7.904671132,6.862756839,0.347712731,-0.694201562,0.04601226,-0.091862562
251,7.976103434,8.266840661,7.166748067,0.290737227,-0.809355367,0.036451035,-0.101472526
252,10.19161437,10.23029149,9.499261354,0.038677119,-0.692353013,0.003794994,-0.067933596
253,8.429789516,8.461112498,7.510791491,0.031322982,-0.918998025,0.003715749,-0.109017909
254,8.703406843,8.896129965,7.997840814,0.192723122,-0.705566029,0.022143412,-0.081067798
255,8.161667186,8.348434985,7.127521553,0.186767799,-1.034145633,0.022883535,-0.126707646
256,7.833582905,7.880597541,6.9136018,0.047014637,-0.919981104,0.006001677,-0.117440655
257,7.422756237,7.738241641,6.701642903,0.315485404,-0.721113334,0.04250246,-0.097148998
258,9.297196053,9.545309912,8.69776451,0.24811386,-0.599431543,0.026686956,-0.064474444
259,8.324952805,8.587348884,7.744549641,0.262396078,-0.580403164,0.031519227,-0.069718493
260,8.017207398,8.30672471,7.347933683,0.289517312,-0.669273715,0.03611199,-0.083479656
261,8.346219692,8.506883586,7.488137668,0.160663894,-0.858082024,0.0192499,-0.10281086
262,8.386576697,8.675557387,7.716146958,0.28898069,-0.670429739,0.034457527,-0.079940811
263,8.117212799,8.329594961,7.354660083,0.212382163,-0.762552716,0.02616442,-0.093942679
264,6.118601713,6.569668442,5.416005608,0.451066729,-0.702596105,0.073720557,-0.114829521
265,8.706334533,8.840299988,8.169245912,0.133965456,-0.53708862,0.015387125,-0.061689408
266,6.976631989,7.269599781,6.356358985,0.292967792,-0.620273005,0.041992725,-0.088907227
267,8.374257924,8.580754857,7.651980406,0.206496934,-0.722277517,0.024658535,-0.086249734
268,9.0395986,9.412193449,8.338537174,0.37259485,-0.701061426,0.041218075,-0.077554486
269,7.906215637,8.097158027,7.152152776,0.19094239,-0.754062861,0.024150921,-0.095375954
270,8.798910668,8.996165704,8.168137031,0.197255037,-0.630773636,0.02241812,-0.071687696
271,8.152784457,8.378503691,7.36632739,0.225719233,-0.786457068,0.027686152,-0.096464842
272,7.653051417,7.869382853,7.028466223,0.216331435,-0.624585194,0.028267344,-0.08161257
273,7.802902092,8.067170344,7.10098533,0.264268252,-0.701916762,0.033867944,-0.089955859
274,8.337178984,8.658945413,7.624894414,0.321766428,-0.712284571,0.038594161,-0.085434722
275,8.232284923,8.386856963,7.328018466,0.154572039,-0.904266457,0.018776323,-0.109843921
276,8.128844475,8.489399219,7.412243032,0.360554744,-0.716601443,0.044354981,-0.088155389
277,7.253192916,7.410996687,6.659803911,0.157803771,-0.593389005,0.021756456,-0.08181073
278,7.690001331,8.031535191,6.942112645,0.341533861,-0.747888685,0.044412718,-0.097254689
279,7.744747831,8.063210883,7.028650536,0.318463052,-0.716097295,0.041119874,-0.092462313
280,8.043302974,8.303983866,7.307378488,0.260680892,-0.735924486,0.032409682,-0.091495308
281,9.543991873,9.683389708,8.887060719,0.139397835,-0.656931155,0.014605821,-0.068831906
282,7.996080943,8.165423611,7.13826842,0.169342668,-0.857812524,0.021178208,-0.10727912
283,7.977898784,8.355729045,7.227454275,0.377830261,-0.750444509,0.047359621,-0.094065434
284,7.309455891,7.400154937,6.675219361,0.090699046,-0.63423653,0.012408454,-0.086769322
285,9.140995821,9.174774522,8.67422969,0.033778701,-0.466766131,0.003695298,-0.051062941
286,7.770496118,8.023484013,6.999413453,0.252987895,-0.771082665,0.032557496,-0.099232102
287,9.422297502,9.420226082,8.879787118,-0.00207142,-0.542510384,-0.000219842,-0.057577293
288,8.318567124,8.633912382,7.696347076,0.315345258,-0.622220047,0.037908603,-0.074798945
289,9.060897542,9.278601553,8.181930455,0.21770401,-0.878967087,0.02402676,-0.097006625
290,9.077998059,9.124720789,8.196830374,0.046722731,-0.881167684,0.00514681,-0.0970663
291,8.239295122,8.44692865,7.516349879,0.207633528,-0.722945243,0.025200399,-0.087743579
292,7.89343733,8.243670192,7.244719538,0.350232862,-0.648717792,0.044370133,-0.082184448
293,7.014700651,7.301877966,6.314928554,0.287177315,-0.699772097,0.040939354,-0.099757941
294,8.007380608,8.103465586,6.973290554,0.096084978,-1.034090054,0.011999552,-0.129142113
295,7.636252585,7.704840481,6.575666725,0.068587896,-1.060585861,0.008981879,-0.138888263
296,8.691324472,8.743634709,7.775135606,0.052310238,-0.916188866,0.006018673,-0.105414183
297,8.131522549,8.379619127,7.342055349,0.248096577,-0.7894672,0.03051047,-0.097087255
298,7.880469743,8.019131994,7.22960408,0.138662251,-0.650865663,0.017595683,-0.082592242
299,10.64823108,10.6021563,9.682125009,-0.046074788,-0.966106074,-0.00432699,-0.090729255
300,8.397607054,8.401330135,7.618660396,0.003723081,-0.778946658,0.00044335,-0.092758169
301,7.471608884,7.683264034,6.70425107,0.211655151,-0.767357814,0.028327922,-0.102703156
302,6.995215985,7.139109468,6.212066095,0.143893483,-0.78314989,0.02057027,-0.111955069
303,6.939276498,7.082568296,6.120927221,0.143291798,-0.818349278,0.020649386,-0.117930058
304,8.839915237,9.077887292,8.247718191,0.237972055,-0.592197046,0.026920174,-0.066991258
305,9.593238157,9.533288801,8.242465336,-0.059949356,-1.350772821,-0.006249126,-0.140804679
306,8.562827424,8.730135282,7.771595109,0.167307858,-0.791232315,0.019538857,-0.09240316
307,7.470839861,7.548748465,6.512014638,0.077908604,-0.958825223,0.01042836,-0.128342361
308,7.803672509,7.867559764,6.967530183,0.063887255,-0.836142326,0.008186819,-0.107147285
309,6.992461756,7.297107878,6.422189986,0.304646122,-0.57027177,0.043567792,-0.081555222
310,8.092293652,8.111427671,7.267564743,0.019134019,-0.824728908,0.002364474,-0.101915346
311,7.766329466,8.063309884,7.009920962,0.296980418,-0.756408504,0.038239482,-0.097395881
312,7.515016249,7.794606297,6.921448804,0.279590048,-0.593567445,0.037204184,-0.078984187
313,8.405384339,8.443884976,7.426241882,0.038500636,-0.979142457,0.004580473,-0.116489909
314,7.889222751,8.126066297,7.053995432,0.236843546,-0.835227319,0.030021151,-0.105869405
315,8.839526789,8.947916935,8.194148312,0.108390146,-0.645378476,0.012261985,-0.073010523
316,9.818513711,9.924921685,9.25625161,0.106407974,-0.562262101,0.010837483,-0.0572655
317,7.147096476,7.259001582,6.226942249,0.111905106,-0.920154227,0.015657422,-0.128745181
318,10.00682151,10.11001562,9.516125454,0.10319412,-0.490696051,0.010312377,-0.049036155
319,7.48791378,7.689871697,6.880438135,0.201957917,-0.607475645,0.026971186,-0.081127489
320,7.420492984,7.806555747,6.686855647,0.386062763,-0.733637337,0.052026565,-0.098866388
321,8.996761103,9.25753186,8.325360435,0.260770757,-0.671400668,0.02898496,-0.074626931
322,7.186044446,7.54184053,6.553575695,0.355796083,-0.632468751,0.049512091,-0.088013476
323,8.311834607,8.661262456,7.633748779,0.349427849,-0.678085828,0.042039798,-0.081580765
324,8.37098197,8.510316675,7.457074721,0.139334706,-0.913907249,0.016644965,-0.109175632
325,9.781666258,9.78058592,8.739937323,-0.001080338,-1.041728935,-0.000110445,-0.106498107
326,10.61113753,10.65008234,10.29134773,0.038944805,-0.319789806,0.003670182,-0.030137184
327,7.748757899,7.839134449,6.989505682,0.09037655,-0.759252217,0.01166336,-0.097983732
328,7.774141618,7.849842181,6.851480021,0.075700563,-0.922661597,0.009737482,-0.118683405
329,8.346923137,8.411072861,7.489906968,0.064149723,-0.85701617,0.007685434,-0.102674501
330,9.34595039,9.509414285,8.414716486,0.163463895,-0.931233904,0.017490345,-0.099640365
331,9.482743553,9.550157396,8.559066947,0.067413843,-0.923676606,0.007109107,-0.097406051
332,8.209333046,8.255982023,7.156767026,0.046648977,-1.05256602,0.005682432,-0.128215778
333,10.29733737,10.47644108,9.599474402,0.179103708,-0.697862968,0.017393206,-0.067771206
334,9.021003239,8.983252194,8.102861553,-0.037751045,-0.918141686,-0.004184795,-0.101778224
335,9.359058167,9.378342126,8.32522164,0.019283959,-1.033836528,0.002060459,-0.110463736
336,9.229121255,9.271079217,8.105144986,0.041957961,-1.123976269,0.004546257,-0.121785838
337,9.798383505,9.791081896,8.839623074,-0.007301609,-0.958760431,-0.000745185,-0.097848837
338,9.293593548,9.259160345,8.213994595,-0.034433203,-1.079598953,-0.003705047,-0.116165932
339,7.656933867,7.712286401,6.580920437,0.055352534,-1.07601343,0.007229073,-0.140527978
340,7.872386638,8.179852063,7.140210095,0.307465424,-0.732176543,0.03905619,-0.093005664
341,7.319506036,7.678881934,6.89546325,0.359375897,-0.424042786,0.049098381,-0.057933252
342,12.79582214,12.85144841,12.57198497,0.055626267,-0.223837168,0.004347221,-0.017492988
343,8.042235462,8.265532385,7.572987809,0.223296923,-0.469247654,0.027765529,-0.058347913
344,8.930459792,8.910764915,7.912723874,-0.019694877,-1.017735918,-0.00220536,-0.11396232
345,9.17904262,9.276759738,8.276486704,0.097717118,-0.902555916,0.010645676,-0.098327892
346,11.66605636,11.69631128,11.20538015,0.030254921,-0.460676211,0.002593415,-0.039488598
347,7.966115473,7.927425592,6.813324901,-0.038689881,-1.152790572,-0.004856807,-0.144711758
348,9.342091635,9.329015847,8.518051962,-0.013075788,-0.824039673,-0.001399664,-0.088207192
349,10.94678578,11.03858584,10.58064267,0.091800066,-0.366143106,0.008386029,-0.033447545
350,7.478423062,7.665875244,6.557772833,0.187452182,-0.920650229,0.025065737,-0.123107535
351,9.453704483,9.47114622,8.558608442,0.017441737,-0.895096041,0.001844963,-0.094682042
352,8.220687274,8.269580091,7.264891079,0.048892817,-0.955796195,0.005947534,-0.116267188
353,8.096762145,8.179109077,7.138589832,0.082346932,-0.958172313,0.010170353,-0.118340183
354,9.33929602,9.305327873,8.275743573,-0.033968147,-1.063552447,-0.003637121,-0.113879295
355,7.196601304,7.427201817,6.385473209,0.230600513,-0.811128095,0.032042975,-0.112709883
356,9.226653037,9.324621038,8.437528316,0.097968001,-0.789124721,0.010617935,-0.08552665
357,8.976784448,9.058467429,8.018516714,0.081682981,-0.958267734,0.009099359,-0.106749554
358,9.349998933,9.280280571,8.290727826,-0.069718362,-1.059271107,-0.00745651,-0.11329104
359,8.457553558,8.457103556,7.330337919,-0.000450002,-1.127215638,-5.32071E-05,-0.133279161
360,7.835065405,7.878593549,6.851841202,0.043528144,-0.983224204,0.005555556,-0.125490236
361,8.429875711,8.370353632,7.331491908,-0.05952208,-1.098383803,-0.007060849,-0.13029656
362,8.645348392,8.673891279,7.602888118,0.028542887,-1.042460275,0.003301531,-0.120580482
363,9.344721113,9.272832372,8.11786539,-0.071888741,-1.226855723,-0.007692979,-0.13128864
364,8.54483454,8.564855388,7.478091071,0.020020847,-1.066743469,0.002343035,-0.12484074
365,7.709899038,7.785174508,6.595853097,0.075275471,-1.114045941,0.009763483,-0.144495529
366,8.85215418,8.911058934,8.011047924,0.058904754,-0.841106256,0.006654285,-0.095017127
367,8.520164581,8.520227158,7.425807071,6.25771E-05,-1.09435751,7.34459E-06,-0.128443236
368,9.792961188,10.25872849,9.578672241,0.465767301,-0.214288947,0.047561436,-0.021881936
369,8.510713359,8.781954871,7.970860815,0.271241512,-0.539852544,0.031870597,-0.063432114
370,9.295937548,9.55730342,8.837290681,0.261365872,-0.458646867,0.028116139,-0.04933842
371,7.321153212,7.419641478,6.405646163,0.098488266,-0.915507049,0.013452562,-0.125049568
372,9.740942842,9.901443038,9.128213045,0.160500196,-0.612729797,0.016476865,-0.062902514
373,7.249552867,7.201588555,6.048819328,-0.047964312,-1.200733538,-0.006616175,-0.165628634
374,8.148535366,8.151767602,7.147983194,0.003232235,-1.000552173,0.000396665,-0.122789204
375,8.34168481,8.401346396,7.338863056,0.059661586,-1.002821754,0.007152223,-0.120218131
376,9.250752093,9.226702899,8.30877674,-0.024049195,-0.941975353,-0.002599702,-0.101826894
377,7.462552866,7.441693378,6.285092029,-0.020859489,-1.177460838,-0.002795222,-0.157782579
378,8.680573816,8.8883972,7.832808165,0.207823384,-0.847765651,0.023941204,-0.097662398
379,7.393537895,7.421438127,6.380719609,0.027900233,-1.012818285,0.003773597,-0.136986961
380,8.933605873,9.036818164,7.938674773,0.103212291,-0.9949311,0.011553262,-0.111369487
381,7.506436476,7.457575008,6.39627883,-0.048861468,-1.110157646,-0.006509276,-0.147894097
382,7.136679682,7.086828979,6.11303819,-0.049850703,-1.023641492,-0.00698514,-0.143433857
383,8.815408959,8.962518193,8.254418103,0.147109234,-0.560990856,0.016687738,-0.06363753
384,8.225830992,8.237884723,7.031094782,0.012053731,-1.19473621,0.001465351,-0.145242008
385,9.70021504,9.74011662,8.878858657,0.03990158,-0.821356384,0.004113474,-0.084674039
386,8.384025862,8.317566926,7.241707916,-0.066458936,-1.142317945,-0.007926852,-0.136249335
387,8.119846276,8.342821488,7.349977214,0.222975212,-0.769869062,0.027460521,-0.094813256
388,8.002182896,8.16493925,7.092805851,0.162756354,-0.909377045,0.020338995,-0.113641122
389,8.645569481,8.634753458,7.675222348,-0.010816023,-0.970347133,-0.001251048,-0.112236347
390,8.375643721,8.375505926,7.388285609,-0.000137795,-0.987358111,-1.64519E-05,-0.117884445
391,7.59834588,7.529531591,6.347708772,-0.06881429,-1.250637109,-0.009056483,-0.164593338
392,7.692834828,7.703436964,6.739491633,0.010602136,-0.953343195,0.001378183,-0.123926123
393,9.206048423,9.225209242,8.324542589,0.019160819,-0.881505834,0.002081329,-0.0957529
394,8.124940053,8.115909462,6.901473212,-0.009030592,-1.223466841,-0.001111466,-0.150581645
395,8.791575688,8.743603567,8.056949172,-0.047972121,-0.734626517,-0.005456601,-0.083560279
396,8.339784074,8.392723461,7.377374281,0.052939386,-0.962409793,0.006347813,-0.115399845
397,7.389971565,7.253879134,6.266523228,-0.136092431,-1.123448337,-0.018415826,-0.152023364
398,6.535223147,6.501724249,5.615408898,-0.033498897,-0.919814249,-0.0051259,-0.140747183
399,8.355727075,8.526658337,7.454412967,0.170931261,-0.901314108,0.020456779,-0.107867825
400,8.529786609,8.628912639,7.866758835,0.09912603,-0.663027775,0.011621162,-0.077730875
401,8.599499633,8.797797692,7.792548793,0.198298058,-0.80695084,0.023059255,-0.093836953
402,9.092328627,9.157562485,8.069225929,0.065233859,-1.023102698,0.007174604,-0.112523726
403,8.116898254,7.969178297,6.955601127,-0.147719957,-1.161297127,-0.018199065,-0.143071539
404,7.697762364,7.91228642,6.824703379,0.214524056,-0.873058985,0.027868366,-0.113417243
405,7.741992941,8.157304611,7.010930173,0.41531167,-0.731062768,0.053644026,-0.09442824
406,8.91680835,9.302295223,8.079021993,0.385486873,-0.837786358,0.043231486,-0.093955856
407,6.851542661,7.048647033,6.026517015,0.197104373,-0.825025646,0.028767882,-0.120414582
408,8.486800738,8.362489444,7.433526991,-0.124311294,-1.053273747,-0.014647604,-0.124107279
409,8.338887831,8.675904029,7.656771324,0.337016198,-0.682116506,0.040415006,-0.081799458
410,8.039748899,8.183133967,7.242807154,0.143385069,-0.796941745,0.017834521,-0.099125203
411,7.542380384,7.76659966,6.78150271,0.224219276,-0.760877673,0.029727919,-0.10088031
412,8.226306367,8.171975691,7.832067685,-0.054330675,-0.394238682,-0.006604504,-0.047924143
413,8.866581368,9.035598051,8.051402195,0.169016683,-0.815179173,0.019062215,-0.091938385
414,8.842142482,9.056925827,8.182954573,0.214783345,-0.659187908,0.024290871,-0.0745507
415,7.445950826,7.821704248,6.8871691,0.375753422,-0.558781726,0.050464129,-0.075045046
416,8.485637369,8.570896522,7.687428319,0.085259153,-0.79820905,0.010047466,-0.094065892
417,7.746176841,7.885125142,6.969110684,0.138948302,-0.777066157,0.017937662,-0.100316088
418,8.302185695,8.204621978,7.2082187,-0.097563718,-1.093966995,-0.01175157,-0.131768553
419,8.640750058,8.753952528,8.093333182,0.11320247,-0.547416876,0.013101,-0.063352935
420,7.169034746,7.10963336,6.117300194,-0.059401386,-1.051734552,-0.008285828,-0.146705183
421,7.755683311,7.708754077,6.633724658,-0.046929234,-1.121958653,-0.006050948,-0.144662773
422,7.511868403,7.755600195,6.703018133,0.243731792,-0.80885027,0.032446228,-0.10767631
423,7.147640678,7.233205499,6.34750541,0.085564822,-0.800135268,0.011971058,-0.111943969
424,9.126910744,9.421272869,8.464502313,0.294362124,-0.662408432,0.032252109,-0.072577507
425,8.785706443,8.953950458,8.005831447,0.168244014,-0.779874996,0.019149742,-0.088766339
426,8.776436398,9.017284038,8.068315359,0.24084764,-0.708121038,0.027442532,-0.080684347
427,7.672455895,7.695806136,6.735602376,0.023350242,-0.936853518,0.003043386,-0.122106081
428,6.989093969,7.342459265,6.331361072,0.353365296,-0.657732897,0.050559529,-0.094108464
429,8.425783333,8.805210035,7.777272727,0.379426702,-0.648510606,0.045031623,-0.076967396
430,9.198411438,9.285395008,8.22496739,0.08698357,-0.973444048,0.009456369,-0.105827409
431,7.373153914,7.672524702,6.697815348,0.299370788,-0.675338566,0.040602813,-0.091594259
432,8.429323584,8.568119324,7.467119675,0.13879574,-0.962203909,0.016465822,-0.114149599
433,8.261902853,8.366984142,7.809927594,0.105081289,-0.451975259,0.012718776,-0.054705952
434,10.93435995,10.97050359,10.78548667,0.036143637,-0.148873279,0.00330551,-0.01361518
435,10.86055322,10.85409471,10.62074537,-0.006458514,-0.239807856,-0.000594676,-0.02208063
436,8.604597403,8.874630497,7.852113413,0.270033093,-0.75248399,0.03138242,-0.087451388
437,8.322312802,8.658157192,7.653553571,0.33584439,-0.668759231,0.040354694,-0.080357377
438,9.875480004,9.900809324,9.074160336,0.025329321,-0.801319667,0.00256487,-0.081142351
439,8.585870279,8.597156653,7.853891549,0.011286374,-0.731978731,0.001314529,-0.085253877
440,10.78938065,10.89650938,10.17922675,0.107128739,-0.610153891,0.009929091,-0.056551336
441,11.9302725,11.96043704,11.62963717,0.03016454,-0.300635331,0.002528403,-0.025199368
442,10.07227096,10.27324849,9.643718519,0.200977532,-0.428552437,0.019953547,-0.042547747
443,8.082212686,8.40561662,7.439026516,0.323403934,-0.64318617,0.040014282,-0.079580456
444,10.46074304,10.54353505,10.04568668,0.082792016,-0.415056362,0.007914544,-0.039677522
445,8.554721441,8.89266534,7.912039826,0.337943899,-0.642681615,0.039503788,-0.075125955
446,7.670508868,7.976206441,6.933910334,0.305697573,-0.736598534,0.039853624,-0.096029944
447,8.517531433,8.783568792,7.710308824,0.266037359,-0.807222609,0.031234092,-0.094771897
448,11.21665396,11.29887317,10.78425623,0.082219211,-0.432397729,0.007330101,-0.038549618
449,8.508300462,8.535847087,7.532021822,0.027546625,-0.97627864,0.003237618,-0.11474426
450,8.580079075,8.485184067,7.456469231,-0.094895007,-1.123609843,-0.011059922,-0.130955651
451,8.306694021,8.553986513,7.593065399,0.247292492,-0.713628622,0.029770266,-0.085910065
452,8.50771181,8.416588818,7.44945365,-0.091122992,-1.05825816,-0.010710635,-0.124388106
453,7.929915414,8.123085729,6.955904691,0.193170316,-0.974010723,0.024359694,-0.122827379
454,7.913235999,8.053392393,7.114788747,0.140156393,-0.798447252,0.017711641,-0.10090022
455,9.47817124,9.58309356,8.619948604,0.10492232,-0.858222636,0.011069891,-0.090547281
456,7.939330243,8.108288747,7.165146025,0.168958504,-0.774184217,0.021281204,-0.097512535
457,8.719054646,8.817769726,7.861618038,0.098715079,-0.857436608,0.011321764,-0.098340548
458,9.204581202,9.180240118,8.293984429,-0.024341083,-0.910596773,-0.002644453,-0.098928648
459,7.237024238,7.334303495,6.295787024,0.097279257,-0.941237214,0.013441886,-0.130058596
460,9.441674506,9.597466369,8.911470396,0.155791863,-0.53020411,0.016500448,-0.056155728
461,8.586091985,8.622113782,7.759348425,0.036021797,-0.82674356,0.004195366,-0.096288691
462,7.422666023,7.426077262,6.432630883,0.003411239,-0.99003514,0.000459571,-0.133379993
463,8.048927641,8.395015737,7.326374408,0.346088096,-0.722553233,0.042998038,-0.089770124
464,7.704717735,7.735764221,7.010373472,0.031046486,-0.694344262,0.004029542,-0.090119364
465,10.24217621,10.33503008,9.455064124,0.092853868,-0.787112091,0.009065834,-0.076850083
466,11.76107954,11.8659467,11.31660192,0.104867157,-0.444477615,0.008916457,-0.037792246
467,7.982657796,8.047487766,7.287289715,0.064829971,-0.69536808,0.008121352,-0.087109845
468,7.528501589,7.579492546,6.648819922,0.050990957,-0.879681667,0.006773055,-0.116846846
469,12.22554428,12.27940128,11.93699958,0.053857002,-0.288544705,0.004405285,-0.023601788
470,7.121866039,7.421588664,6.448684336,0.299722625,-0.673181703,0.042084845,-0.094523219
471,7.510297451,7.401962058,6.478080444,-0.108335393,-1.032217007,-0.014424914,-0.13744023
472,7.719154775,7.931344455,7.022400863,0.21218968,-0.696753912,0.027488719,-0.09026298
473,7.714702637,7.818290623,7.045776121,0.103587986,-0.668926516,0.013427347,-0.08670801
474,10.30257363,10.63716397,9.615580211,0.334590337,-0.686993419,0.032476384,-0.066681729
475,7.749472044,7.928288801,7.08679829,0.178816757,-0.662673754,0.023074702,-0.085512116
476,6.657419167,6.835461409,5.977429781,0.178042242,-0.679989385,0.026743433,-0.102140089
477,6.46510537,6.431632381,5.481353908,-0.033472989,-0.983751462,-0.005177485,-0.152163253
478,7.907708031,8.009854479,7.035543523,0.102146448,-0.872164508,0.012917327,-0.110292958
479,10.82600921,10.91944755,10.44754279,0.093438344,-0.378466419,0.008630913,-0.034958997
480,6.824080211,6.946915089,5.92669503,0.122834879,-0.897385181,0.01800021,-0.13150273
481,12.63062234,12.7489887,12.45354818,0.118366354,-0.177074158,0.009371379,-0.014019433
482,12.31005765,12.46750857,12.1101629,0.157450926,-0.199894751,0.01279043,-0.016238328
483,10.61776221,10.66841937,9.948492914,0.050657166,-0.669269294,0.004770983,-0.06303299
484,12.98206066,13.02575695,12.81652579,0.043696288,-0.16553487,0.003365898,-0.012751047
485,7.611282986,7.649536538,6.689856137,0.038253552,-0.921426849,0.005025901,-0.121060648
486,6.289142749,6.544303464,5.762653316,0.255160715,-0.526489433,0.040571621,-0.083714022
487,10.20320053,10.43961701,9.787706196,0.236416483,-0.415494329,0.023170816,-0.040721961
488,7.722365641,7.815123606,6.869159898,0.092757965,-0.853205743,0.0120116,-0.110485023
489,8.315251466,8.300345311,7.436665311,-0.014906155,-0.878586155,-0.001792628,-0.105659601
490,7.239525876,7.292180036,6.339332117,0.05265416,-0.900193759,0.00727315,-0.124344298
491,9.788066101,9.997980499,9.346200669,0.209914397,-0.441865433,0.021445952,-0.045143282
492,8.219502013,8.474941917,7.578858228,0.255439904,-0.640643785,0.031077297,-0.077941922
493,8.63882591,8.860002248,7.897140899,0.221176339,-0.741685011,0.025602592,-0.085854839
494,9.434581329,9.452839191,8.736302568,0.018257862,-0.698278761,0.001935206,-0.074012692
495,5.672829002,6.01743065,5.144592496,0.344601649,-0.528236506,0.060745996,-0.093116945
496,7.528384661,7.68500329,6.888593144,0.156618629,-0.639791517,0.02080375,-0.084983904
497,8.411387236,8.66672453,7.790300282,0.255337294,-0.621086954,0.030356145,-0.073838826
498,8.239997339,8.285487127,7.460880308,0.045489788,-0.779117031,0.005520607,-0.094553068
499,8.93814625,9.08580211,8.459295609,0.14765586,-0.478850641,0.016519741,-0.05357382
500,6.932320155,6.94560359,5.905532844,0.013283435,-1.026787311,0.00191616,-0.148115968
501,8.837426979,9.049803201,8.466766681,0.212376222,-0.370660297,0.024031454,-0.041942106
502,12.36268404,12.55195251,12.25221496,0.189268469,-0.110469085,0.015309658,-0.008935688
503,11.39794444,11.49758141,11.04442286,0.099636971,-0.353521586,0.008741661,-0.031016258
504,8.287465681,8.379379059,7.547699148,0.091913378,-0.739766533,0.01109065,-0.0892633
505,6.579012536,6.579094254,5.488650304,8.17184E-05,-1.090362232,1.24211E-05,-0.165733418
506,12.13770896,12.32215499,12.01133755,0.184446027,-0.12637141,0.015196115,-0.010411471
507,8.095223701,8.458485895,7.471765314,0.363262193,-0.623458388,0.044873645,-0.077015585
508,7.89567709,7.895485487,7.012176503,-0.000191603,-0.883500587,-2.42669E-05,-0.111896748
509,9.676055713,9.689689222,8.884952603,0.013633509,-0.79110311,0.001408994,-0.081758842
510,7.051421527,7.049217652,6.175383022,-0.002203874,-0.876038505,-0.000312543,-0.124235731
511,8.59534328,8.712986095,7.7970873,0.117642815,-0.798255979,0.013686808,-0.09287075
512,8.659214823,8.64299231,7.801215314,-0.016222513,-0.857999509,-0.001873439,-0.09908514
513,8.155089609,8.172210852,7.261897516,0.017121243,-0.893192094,0.002099455,-0.109525724
514,8.916543062,9.19737518,8.340755973,0.280832118,-0.575787089,0.031495627,-0.064575148
515,7.796776043,8.067589786,7.194981418,0.270813743,-0.601794625,0.034734067,-0.07718506
516,10.39054026,10.51947634,9.853580483,0.128936085,-0.536959776,0.012408988,-0.051677753
517,7.978351803,8.187610227,7.296796333,0.209258424,-0.68155547,0.026228277,-0.085425598
518,9.840411143,9.82287644,8.964065152,-0.017534702,-0.876345991,-0.001781908,-0.089055831
519,7.779768521,7.921000797,6.952660527,0.141232276,-0.827107994,0.018153789,-0.106315245
520,10.35150901,10.34169596,9.619803903,-0.009813054,-0.731705109,-0.000947983,-0.07068584
521,7.241839571,7.603783012,6.696038296,0.361943441,-0.545801275,0.049979489,-0.075367767
522,9.59181683,9.834941024,9.159027888,0.243124194,-0.432788942,0.025347043,-0.045120643
523,10.65070374,10.84936275,10.37062765,0.198659008,-0.280076089,0.018652195,-0.026296487
524,7.808569404,8.110239006,7.123184762,0.301669602,-0.685384641,0.038633146,-0.087773394
525,7.512114978,7.753737737,6.849826779,0.241622758,-0.662288199,0.032164412,-0.088162681
526,12.87797197,12.99072503,12.80299884,0.112753058,-0.074973132,0.008755498,-0.005821812
527,11.0338839,11.11136028,10.37198998,0.077476382,-0.661893924,0.007021678,-0.059987392
528,8.500634116,8.680168019,7.665805216,0.179533903,-0.8348289,0.02112006,-0.098207838
529,10.67584464,10.84725568,10.31050852,0.171411039,-0.365336124,0.01605597,-0.034220817
530,7.319419943,7.341466854,6.355439731,0.02204691,-0.963980213,0.003012112,-0.131701722
531,9.96580356,9.941552089,9.172265817,-0.024251471,-0.793537743,-0.002433469,-0.079626067
532,7.60869909,7.91234762,7.10531532,0.30364853,-0.503383769,0.039908075,-0.06615898
533,9.743174401,9.691043018,8.845189778,-0.052131383,-0.897984623,-0.005350554,-0.092165508
534,7.729495613,7.848197515,6.935959024,0.118701901,-0.79353659,0.015357005,-0.102663437
535,7.77634951,8.078116508,7.042399099,0.301766998,-0.733950411,0.03880574,-0.094382385
536,10.77325301,10.78606572,10.25458893,0.012812714,-0.518664084,0.001189308,-0.048143684
537,9.568119362,9.624922069,8.483122363,0.056802706,-1.084996999,0.005936664,-0.113397101
538,10.23336503,10.34999213,9.558383967,0.116627096,-0.674981064,0.011396749,-0.065958857
539,7.830022423,7.884396824,6.878157944,0.054374402,-0.951864479,0.006944348,-0.121565997
540,8.955003665,9.108252875,8.523647847,0.15324921,-0.431355818,0.017113249,-0.048169251
541,10.19277327,10.33462571,9.626951888,0.141852434,-0.565821386,0.013916962,-0.055512015
542,7.647492653,7.958830263,6.984596417,0.31133761,-0.662896236,0.04071107,-0.086681513
543,6.175302994,6.423583838,5.551183372,0.248280844,-0.624119621,0.040205451,-0.101067044
544,9.514131878,9.678579291,9.133249697,0.164447413,-0.38088218,0.017284542,-0.040033309
545,8.041918297,8.291656396,7.403869636,0.249738099,-0.638048661,0.031054543,-0.079340356
546,7.14930643,7.430268263,6.466288124,0.280961834,-0.683018306,0.039299173,-0.095536303
547,9.210145213,9.350403219,8.344977215,0.140258007,-0.865167997,0.015228642,-0.093936412
548,8.005989174,8.130196865,7.140918231,0.124207691,-0.865070942,0.015514347,-0.108052974
549,9.496357813,9.61217348,8.906558999,0.115815667,-0.589798814,0.012195799,-0.062107897
550,9.098413127,9.033424832,7.975275249,-0.064988295,-1.123137879,-0.007142816,-0.123443271
551,9.199046748,9.385143459,8.411885566,0.186096711,-0.787161182,0.020229999,-0.085569864
552,7.190546277,7.277833076,6.318689388,0.087286799,-0.871856889,0.012139105,-0.121250438
553,9.256627073,9.503405585,8.777421123,0.246778512,-0.479205951,0.026659658,-0.051768959
554,7.284095314,7.406462008,6.427744963,0.122366694,-0.85635035,0.016799162,-0.117564408
555,9.507555717,9.529133759,8.568742355,0.021578042,-0.938813362,0.002269568,-0.098743924
556,7.824857315,7.972740651,6.964822471,0.147883335,-0.860034845,0.018899173,-0.109910611
557,7.379366718,7.754598305,6.638062454,0.375231587,-0.741304265,0.050848752,-0.100456353
558,9.303853461,9.298231863,8.373073632,-0.005621597,-0.930779829,-0.000604222,-0.1000424
559,8.576507682,8.644207553,7.66678958,0.067699872,-0.909718102,0.007893641,-0.106070925
560,8.169887918,8.399548836,7.583311438,0.229660918,-0.58657648,0.028110657,-0.071797372
561,8.474393343,8.523791908,7.43788486,0.049398565,-1.036508483,0.005829157,-0.122310641
562,10.33171531,10.33999278,9.459278816,0.008277465,-0.872436495,0.00080117,-0.08444256
563,8.839595629,8.829321882,7.736656791,-0.010273747,-1.102938838,-0.001162242,-0.124772544
564,7.537951091,7.618563013,6.575209879,0.080611922,-0.962741213,0.010694142,-0.127719217
565,9.041792712,9.038669955,7.858325144,-0.003122757,-1.183467568,-0.000345369,-0.130888598
566,7.622559891,7.96955155,6.996354312,0.346991659,-0.626205579,0.04552167,-0.082151611
567,7.249466182,7.48627724,6.593429403,0.236811058,-0.656036779,0.032665999,-0.090494495
568,7.152648285,7.16472589,6.310238394,0.012077605,-0.842409891,0.00168855,-0.117775942
569,6.950535111,7.268054033,6.178195088,0.317518922,-0.772340023,0.045682659,-0.111119505
570,9.021476815,9.023011624,8.121579886,0.001534809,-0.899896929,0.000170128,-0.099750512
571,8.975668002,9.208593039,8.258119809,0.232925037,-0.717548192,0.025950719,-0.079943709
572,8.84732825,8.906197626,7.891859543,0.058869376,-0.955468707,0.006653916,-0.107995169
573,7.173123396,7.141587,6.146186704,-0.031536396,-1.026936692,-0.004396466,-0.143164509
574,7.014931511,6.96791056,5.976878261,-0.047020952,-1.038053251,-0.006702981,-0.147977674
575,8.585614754,8.695390578,7.595599626,0.109775824,-0.990015128,0.012786018,-0.115310919
576,7.196752488,7.356709612,6.312350387,0.159957124,-0.884402101,0.022226292,-0.122889053
577,6.362947423,6.64206348,5.703081555,0.279116056,-0.659865868,0.043865844,-0.103704435
578,8.083471776,8.164723759,6.933272542,0.081251983,-1.150199234,0.01005162,-0.142290252
579,8.122471508,8.34846584,7.331067555,0.225994332,-0.791403953,0.027823346,-0.097433885
580,7.780970539,8.02305263,7.12714337,0.242082091,-0.65382717,0.031112069,-0.084029
581,8.120202724,8.16192186,7.491685767,0.041719136,-0.628516957,0.005137696,-0.077401634
582,7.708518636,7.984327565,7.03113097,0.275808929,-0.677387666,0.035779758,-0.087875206
583,7.860737502,8.031076777,7.169675712,0.170339275,-0.69106179,0.02166963,-0.087913098
584,7.867526365,8.191230307,7.242538537,0.323703942,-0.624987828,0.04114431,-0.079438924
585,8.726973893,8.88211777,7.874388413,0.155143877,-0.85258548,0.017777511,-0.097695431
586,6.770638486,6.970386452,6.00313731,0.199747966,-0.767501176,0.029502087,-0.113357282
587,7.058708183,7.399045147,6.510305648,0.340336964,-0.548402535,0.048215191,-0.077691629
588,7.57803601,7.915075119,6.933633534,0.337039109,-0.644402476,0.044475786,-0.085035552
589,6.880934369,7.250338161,6.231418974,0.369403792,-0.649515395,0.053685121,-0.094393488
590,7.379172518,7.563906424,6.70947933,0.184733906,-0.669693188,0.025034502,-0.09075451
591,7.625995924,8.003930663,7.004328437,0.377934739,-0.621667487,0.049558739,-0.081519515
592,8.998978718,9.027308979,8.071909483,0.028330261,-0.927069235,0.003148164,-0.103019383
593,7.998720096,8.171830924,7.113656527,0.173110829,-0.885063568,0.021642316,-0.110650649
594,7.441034134,7.564307603,6.476272565,0.123273469,-0.96476157,0.016566712,-0.129654233
595,7.51178832,7.815602333,6.872613549,0.303814013,-0.639174772,0.040444965,-0.085089561
596,7.851008512,8.04491258,7.011708473,0.193904068,-0.839300039,0.024697982,-0.106903468
597,8.336784423,8.48910678,7.447329857,0.152322356,-0.889454567,0.018271116,-0.106690364
598,7.052687632,7.350526988,6.480330142,0.297839356,-0.57235749,0.042230618,-0.081154521
599,7.994045359,7.981383252,7.006939123,-0.012662107,-0.987106236,-0.001583942,-0.12348019
600,6.319366192,6.677006836,5.691731516,0.357640644,-0.627634676,0.056594385,-0.099319244
601,9.67161484,9.914029544,9.155365726,0.242414704,-0.516249114,0.025064553,-0.053377758
602,8.295217577,8.542931026,7.480671178,0.24771345,-0.814546399,0.0298622,-0.0981947
603,8.474398739,8.534243249,7.589258571,0.059844509,-0.885140169,0.0070618,-0.104448728
604,7.460254628,7.931234577,6.955845065,0.470979949,-0.504409563,0.063131887,-0.067612915
605,8.213988211,8.407742556,7.339972761,0.193754345,-0.87401545,0.02358834,-0.106405735
606,6.78027378,7.133527372,6.114175765,0.353253593,-0.666098015,0.052100196,-0.098240578
607,6.848198616,7.197758286,6.292200122,0.34955967,-0.555998494,0.051044032,-0.081189014
608,6.991626525,7.330240282,6.367090736,0.338613757,-0.624535789,0.048431328,-0.089326251
609,7.651351711,7.77888504,6.647533213,0.127533329,-1.003818498,0.016668078,-0.131194923
610,7.096130683,7.475272037,6.478905916,0.379141354,-0.617224767,0.053429308,-0.086980468
611,7.805646176,7.879683631,6.878763891,0.074037455,-0.926882285,0.009485115,-0.118745106
612,6.448674519,6.591465868,5.697598589,0.142791349,-0.751075929,0.022142744,-0.116469815
613,8.528797686,8.796430665,7.7931081,0.267632979,-0.735689585,0.031379919,-0.086259472
614,9.51485018,9.624472551,8.756855719,0.109622371,-0.757994461,0.011521187,-0.079664361
615,7.586105431,7.805568542,6.711205997,0.219463111,-0.874899434,0.028929615,-0.115329195
616,11.37191534,11.40048771,10.78229429,0.028572362,-0.589621058,0.002512537,-0.051848879
617,10.08132557,10.08284097,9.261387917,0.0015154,-0.81993765,0.000150318,-0.081332325
618,6.536474936,6.674539209,5.703224817,0.138064273,-0.833250119,0.02112213,-0.127476985
619,10.24963393,10.23444681,9.567567877,-0.015187129,-0.682066058,-0.001481724,-0.066545407
620,6.720620839,7.028309948,6.14593416,0.307689109,-0.574686679,0.04578284,-0.085510951
621,8.632133787,9.145728949,8.236371722,0.513595162,-0.395762065,0.059498054,-0.045847536
622,7.679780905,7.669883962,6.666795221,-0.009896943,-1.012985684,-0.001288701,-0.131902941
623,8.474280058,8.69197323,7.786798275,0.217693172,-0.687481783,0.025688692,-0.081125686
624,7.545693388,7.557868542,6.585039569,0.012175154,-0.960653818,0.001613524,-0.127311536
625,7.53265051,7.698852189,6.598750356,0.16620168,-0.933900153,0.02206417,-0.123980284
626,7.679804803,7.983302434,6.960716049,0.30349763,-0.719088754,0.039518925,-0.093633728
627,7.295501217,7.571437787,6.605768874,0.27593657,-0.689732343,0.037822839,-0.094542146
628,7.433803094,7.809450123,6.84038965,0.375647029,-0.593413444,0.050532281,-0.07982636
629,7.310118294,7.511991964,6.603226755,0.20187367,-0.706891539,0.02761565,-0.096700424
630,7.119347697,7.368458424,6.301608115,0.249110727,-0.817739582,0.034990667,-0.114861588
631,6.475207066,6.782150911,5.953049025,0.306943846,-0.52215804,0.047402939,-0.08063959
632,8.225371118,8.482535431,7.652071037,0.257164312,-0.573300081,0.031264767,-0.069698993
633,7.878170122,8.287360158,7.248984777,0.409190037,-0.629185344,0.051939731,-0.079864402
634,9.090863952,9.104309107,8.14732974,0.013445155,-0.943534212,0.001478974,-0.103789279
635,7.524957319,7.809318867,6.948136357,0.284361548,-0.576820962,0.037789124,-0.076654383
636,8.568890817,8.847892149,7.897430289,0.279001332,-0.671460528,0.032559795,-0.078360262
637,6.614573134,7.05395191,5.928521198,0.439378776,-0.686051937,0.06642587,-0.103718248
638,8.574353102,8.957727766,7.952162031,0.383374663,-0.622191072,0.044711789,-0.0725642
639,11.8669028,11.84132052,11.54318658,-0.025582285,-0.323716228,-0.002155768,-0.027278915
640,7.607861881,8.01763405,6.961966277,0.409772169,-0.645895603,0.053861673,-0.08489844
641,10.35266671,10.42534241,9.953182826,0.072675708,-0.39948388,0.007019999,-0.038587534
642,7.032282307,7.429002815,6.40982243,0.396720508,-0.622459877,0.05641419,-0.088514631
643,7.637638107,7.943808741,6.886773705,0.306170634,-0.750864402,0.040087083,-0.098311074
644,10.16517308,10.26148737,9.763099364,0.096314285,-0.40207372,0.009474928,-0.039554046
645,7.032404212,7.405040862,6.441103809,0.372636649,-0.591300403,0.052988514,-0.084082255
646,9.230092325,9.313505817,8.741401829,0.083413491,-0.488690497,0.009037124,-0.052945353
647,7.896824488,8.18222559,7.165292988,0.285401102,-0.731531499,0.036141249,-0.09263616
648,8.733304058,9.041757772,8.109300636,0.308453715,-0.624003422,0.035319246,-0.071451013
649,7.338442271,7.560925054,6.431289862,0.222482782,-0.907152409,0.03031744,-0.123616481
650,7.261986694,7.622024782,6.610701858,0.360038088,-0.651284836,0.049578456,-0.089684113
651,7.341869937,7.731388029,6.731774802,0.389518092,-0.610095136,0.053054344,-0.083098058
652,7.699565328,7.949957109,6.901322786,0.250391781,-0.798242541,0.032520249,-0.103673715
653,7.941626151,8.31776253,7.314496716,0.376136379,-0.627129435,0.04736264,-0.078967383
654,10.0511717,10.23386084,9.491329013,0.182689148,-0.559842683,0.018175906,-0.055699246
655,7.548522096,7.786371755,6.820460036,0.23784966,-0.72806206,0.031509434,-0.096450941
656,6.848142898,7.148185853,6.127513832,0.300042955,-0.720629065,0.04381377,-0.105229852
657,8.582772537,8.918255275,7.975601963,0.335482738,-0.607170574,0.039087921,-0.070742941
658,7.684228614,8.006724668,7.018239526,0.322496054,-0.665989089,0.041968566,-0.086669609
659,7.220995096,7.528895434,6.544727645,0.307900339,-0.676267451,0.042639599,-0.093652944
660,7.636265821,7.942911831,7.0169687,0.306646011,-0.61929712,0.04015654,-0.081099471
661,7.302839616,7.569727883,6.601892959,0.266888267,-0.700946657,0.036545821,-0.095982754
662,6.967861229,7.24603837,6.538784389,0.278177141,-0.42907684,0.039922888,-0.061579418
663,7.350831393,7.644891561,6.66908872,0.294060168,-0.681742672,0.040003661,-0.092743614
664,7.800474068,7.904415512,7.641055083,0.103941444,-0.159418985,0.013325016,-0.020437089
665,6.369362497,6.820789418,5.665741189,0.451426921,-0.703621308,0.070874742,-0.11046966
666,6.298980259,6.562354276,5.896564566,0.263374017,-0.402415693,0.041812167,-0.063885848
667,6.834761672,7.211399653,6.232062036,0.376637981,-0.602699636,0.055106235,-0.088181515
668,8.361641647,8.787726574,7.63939059,0.426084928,-0.722251056,0.05095709,-0.086376705
669,8.057673513,8.496069608,7.361738168,0.438396095,-0.695935345,0.05440728,-0.086369266
670,6.89040532,7.296606661,6.195303837,0.406201341,-0.695101483,0.058951734,-0.100879622
671,7.092971779,7.44522019,6.449215328,0.352248411,-0.643756451,0.049661612,-0.090759765
672,7.21525092,7.655053136,6.495251431,0.439802216,-0.719999489,0.060954528,-0.099788559
673,8.369480658,8.590774334,7.839401929,0.221293676,-0.530078729,0.026440551,-0.063334722
674,7.164661382,7.454749116,6.565706497,0.290087734,-0.598954885,0.040488687,-0.083598492
675,7.672361435,7.858272766,6.936894714,0.185911331,-0.735466722,0.024231305,-0.095859238
676,7.214425792,7.608227075,6.585181815,0.393801282,-0.629243977,0.054585257,-0.087220244
677,7.199057535,7.586615187,6.590988156,0.387557652,-0.608069379,0.053834498,-0.084465137
678,7.327933016,7.554393147,6.600336548,0.22646013,-0.727596469,0.030903685,-0.099290819
679,6.918643959,7.308591151,6.25341839,0.389947192,-0.665225569,0.056361795,-0.096149704
680,7.541490558,7.937839175,6.846775887,0.396348617,-0.694714671,0.05255574,-0.092119014
681,7.633039783,8.016643322,6.972184202,0.383603539,-0.660855581,0.050255671,-0.086578296
682,8.679139226,8.901017796,7.947190257,0.22187857,-0.731948969,0.025564582,-0.084334281
683,7.287420016,7.643849633,6.688691334,0.356429617,-0.598728682,0.048910261,-0.082159211
684,6.95242806,7.238993041,6.245811363,0.286564981,-0.706616697,0.041217971,-0.101635959
685,11.00975585,11.08371494,10.58955795,0.073959083,-0.420197906,0.006717595,-0.03816596
686,6.885756754,7.139427438,6.114145715,0.253670683,-0.771611039,0.036839914,-0.112059003
687,8.698356195,8.98494998,8.038515451,0.286593785,-0.659840745,0.03294804,-0.075858097
688,8.89621574,9.184542269,8.170758559,0.288326529,-0.725457181,0.03241002,-0.081546716
689,8.397326248,8.796789702,7.75145075,0.399463454,-0.645875498,0.047570315,-0.076914422
690,7.994454133,8.339570913,7.270170894,0.345116781,-0.724283239,0.043169524,-0.090598211
691,6.424212019,6.702378377,5.625568164,0.278166358,-0.798643855,0.043299685,-0.124317792
692,6.201668763,6.431445588,5.355848316,0.229776825,-0.845820447,0.037050806,-0.136385944
693,8.797065336,9.082975468,8.075885322,0.285910131,-0.721180014,0.032500626,-0.081979613
694,8.192769369,8.289920383,7.186971251,0.097151014,-1.005798118,0.011858141,-0.122766561
695,7.621966631,7.89407777,6.828421319,0.272111139,-0.793545312,0.035700909,-0.104112934
696,8.08403208,8.326088543,7.38613035,0.242056463,-0.69790173,0.029942541,-0.086330896
697,7.779466879,8.120562052,7.072561665,0.341095173,-0.706905214,0.043845572,-0.090868079
698,8.689523821,8.865037612,7.922141588,0.175513792,-0.767382233,0.020198321,-0.088311195
699,12.00883064,12.05013077,11.63617134,0.041300135,-0.372659302,0.003439147,-0.031032106
700,8.551908029,8.678349201,7.680652701,0.126441172,-0.871255329,0.014785142,-0.101878473
701,7.529013355,7.723201454,6.742005079,0.194188099,-0.787008277,0.025791972,-0.104530068
702,11.55806462,11.59951824,11.22086634,0.04145362,-0.337198277,0.003586554,-0.029174286
703,9.213667159,9.273628916,8.473081511,0.059961757,-0.740585647,0.006507914,-0.080379032
704,9.088535692,9.342651161,8.422653359,0.254115469,-0.665882332,0.027960001,-0.073266184
705,8.462950571,8.781683384,7.805070094,0.318732814,-0.657880477,0.037662138,-0.077736538
706,8.661646158,8.970417125,8.005199791,0.308770967,-0.656446367,0.03564807,-0.075787715
707,9.608196489,9.742641128,8.97514904,0.134444639,-0.633047449,0.013992703,-0.065886189
708,7.7473912,8.029041242,7.0851754,0.281650042,-0.6622158,0.036354178,-0.085475973
709,6.967717223,7.307369698,6.27153411,0.339652475,-0.696183113,0.048746593,-0.099915523
710,8.152641933,8.421586336,7.288673537,0.268944403,-0.863968396,0.03298862,-0.105974039
711,9.099085642,9.385586616,8.349337022,0.286500975,-0.74974862,0.031486787,-0.082398237
712,9.462894018,9.563444236,8.703371842,0.100550218,-0.759522175,0.010625736,-0.080263202
713,7.475727842,7.616490952,6.593260826,0.14076311,-0.882467017,0.018829352,-0.118044294
714,10.64488262,10.83582395,10.13455558,0.190941323,-0.510327042,0.017937382,-0.047941068
715,10.26692439,10.4603155,9.798761244,0.193391114,-0.468163143,0.018836324,-0.045599162
716,10.89038075,11.06801705,10.56431839,0.177636302,-0.32606236,0.016311303,-0.0299404
717,10.67132636,10.68658944,10.09985778,0.015263085,-0.57146858,0.001430289,-0.053551786
718,11.97498612,12.22940405,11.86393609,0.25441793,-0.111050027,0.021245781,-0.009273499
719,7.189860726,7.409158533,6.34299788,0.219297807,-0.846862846,0.030500981,-0.117785709
720,9.916656207,10.03204646,9.126430555,0.115390256,-0.790225653,0.011636005,-0.079686705
721,7.942247718,8.183764537,7.244775136,0.241516819,-0.697472583,0.030409127,-0.087818034
722,7.52032912,7.778973505,6.711636257,0.258644385,-0.808692863,0.034392695,-0.107534238
723,9.213125674,9.307137228,8.225328184,0.094011554,-0.98779749,0.010204089,-0.107216326
724,10.04642815,10.17513453,9.463712425,0.128706384,-0.582715723,0.012811159,-0.058002278
725,9.369000429,9.578281727,8.727617269,0.209281297,-0.641383161,0.022337633,-0.068458014
726,10.97376613,11.10267078,10.35861731,0.128904655,-0.61514882,0.011746619,-0.056056309
727,10.12385505,10.06118875,9.182053291,-0.062666302,-0.941801757,-0.006189964,-0.093027977
728,10.07544151,10.29149508,9.66373876,0.216053567,-0.411702754,0.021443583,-0.040862006
729,8.823191334,9.057585789,8.037400706,0.234394455,-0.785790628,0.026565723,-0.089059684
730,8.685135999,9.085681065,8.0350682,0.400545066,-0.650067799,0.046118456,-0.074848315
731,10.86918939,11.39220474,10.71946704,0.523015348,-0.149722352,0.048119076,-0.013774933
732,11.35654243,11.37270967,11.14772556,0.016167243,-0.208816875,0.001423606,-0.018387364
733,9.312488408,9.542244246,8.874283592,0.229755838,-0.438204816,0.024671799,-0.047055609
734,9.143165337,9.307639743,8.358789651,0.164474406,-0.784375686,0.017988782,-0.085788199
735,9.4803069,9.669390762,9.183451683,0.189083862,-0.296855218,0.019944909,-0.031312828
736,8.56586542,9.075795545,8.106028823,0.509930125,-0.459836597,0.059530485,-0.053682445
737,9.668991347,9.699090132,9.037406058,0.030098785,-0.631585289,0.003112919,-0.065320701
738,7.973498356,8.080395732,7.675126547,0.106897377,-0.298371808,0.013406584,-0.037420439
739,11.72045347,11.73659299,11.445962,0.016139524,-0.274491463,0.001377039,-0.023419867
740,11.57600717,11.58847003,11.36510714,0.012462857,-0.210900031,0.001076611,-0.01821872
741,10.86762648,10.85871109,10.34914147,-0.008915394,-0.51848501,-0.000820363,-0.04770913
742,10.10716175,10.19570513,9.389358943,0.088543383,-0.717802808,0.00876046,-0.071019226
743,12.03877489,12.01624809,11.65939175,-0.022526799,-0.379383137,-0.001871187,-0.031513434
744,10.68487004,10.67744997,10.13361856,-0.00742007,-0.551251484,-0.000694446,-0.051591782
745,8.905435809,8.86609816,8.578622866,-0.039337649,-0.326812943,-0.004417263,-0.036698141
746,10.42320881,10.3819529,9.683564234,-0.041255911,-0.739644575,-0.003958082,-0.070961312
747,11.85542404,11.85199452,11.66053805,-0.003429521,-0.194885993,-0.000289279,-0.016438551
748,10.8461287,11.05879179,10.48862735,0.212663095,-0.357501352,0.019607281,-0.032961194
749,8.966129853,9.604374538,8.74414597,0.638244685,-0.221983883,0.071183966,-0.024758049
